,Model,AmazonCounterfactualClassification,ArXivHierarchicalClusteringP2P,ArXivHierarchicalClusteringS2S,ArguAna,AskUbuntuDupQuestions,Banking77Classification,BiorxivClusteringP2P.v2,CQADupstackGamingRetrieval,CQADupstackUnixRetrieval,ClimateFEVERHardNegatives,FiQA2018,HotpotQAHardNegatives,ImdbClassification,MTOPDomainClassification,MassiveIntentClassification,MassiveScenarioClassification,MedrxivClusteringP2P.v2,MedrxivClusteringS2S.v2,MindSmallReranking,SCIDOCS,SICK-R,STS12,STS13,STS14,STS15,STS17,STS22.v2,STSBenchmark,SprintDuplicateQuestions,StackExchangeClustering.v2,StackExchangeClusteringP2P.v2,SummEvalSummarization.v2,TRECCOVID,Touche2020Retrieval.v3,ToxicConversationsClassification,TweetSentimentExtractionClassification,TwentyNewsgroupsClustering.v2,TwitterSemEval2015,TwitterURLCorpus
0,Linq-Embed-Mistral,85.5821,63.3776,62.165000000000006,69.649,66.82016765243456,87.88311688311688,45.8864,64.364,49.39,30.324,61.205,75.411,94.7764,96.16544999999999,81.73575,82.87169999999999,40.9949,40.367399999999996,32.05750522793288,21.932,84.30523596401186,78.44413657529002,88.26850223126127,84.49441798385489,90.27866978947013,92.68185242943188,68.5546,88.80650007123052,96.27527798658713,72.16590000000001,50.317299999999996,37.262,87.09700000000001,54.473000000000006,71.2938,64.7623089983022,57.2573,81.51817015121485,87.51158697451964
1,stella_en_400M_v5,93.79850746268656,63.92483709906334,60.81704622679586,60.9,66.15294503553424,89.30194805194806,54.1196547218052,57.02,41.806,32.104,56.056,57.778,96.4904,98.3846,80.97565852737166,89.0911,49.585183072117765,46.9839,33.0526129239962,23.224,81.4748469518998,81.33552823557412,88.63998125652698,84.7722847346502,90.22928378885277,90.53130748479374,67.45660575771218,87.63996146760704,95.6075961598125,77.57900851574055,53.822199999999995,34.5306,76.64800000000001,49.827,83.9697265625,73.57668364459535,54.4003,80.18603932881858,85.70698982748502
2,gte-Qwen2-7B-instruct,89.93283582089553,68.1929207141039,64.84694347666395,54.565,67.57827065898053,87.56818181818181,53.24389713638713,59.584,43.849,32.204,62.031000000000006,75.003,96.75399999999999,98.97085,85.55660617961007,89.2724,49.03002986636611,47.4772,33.35680810650402,23.48,79.15962683643262,79.52565322917206,88.96943154592363,83.86537189895273,88.48375378824065,88.75116705677044,67.25639504209539,86.81105691398511,93.1413954543224,80.26367734971261,54.3527,35.735299999999995,80.374,59.216,85.7373046875,72.58347481607245,54.3167,77.96520460741593,86.60659275450581
3,e5-mistral-7b-instruct,75.19402985074628,65.2837349991313,61.2781226957918,61.653000000000006,66.97991401600184,81.41233766233768,42.43994588820838,63.52100000000001,46.753,28.499000000000002,56.81,73.207,94.7276,95.23129420333764,77.15011489971621,78.78168590813777,39.04746182823812,37.82157839672135,32.589069634457395,16.314999999999998,82.64168405010996,79.65304787099163,88.42693188284633,84.53916226397308,90.42497351106816,91.75837815513191,67.28764744648434,88.59956806069064,95.86143310549286,64.32871212725469,48.06904508014866,36.569625905882816,87.034,55.437999999999995,71.748046875,64.89247311827957,53.28097114789199,81.6186366421062,87.78798304575807
4,stella_en_1.5B_v5,94.08955223880598,64.52339106857525,61.313064241189075,57.06,67.32597152838535,89.78896103896105,52.384364299338145,53.59,29.026000000000003,28.463,60.480000000000004,70.182,96.6608,98.60365,84.52872426747501,89.26035,47.2296865252186,45.498,33.05449204940555,26.769,82.40165924558951,78.55520488226414,88.62429790970509,83.31890044293463,88.50644215638907,90.45254463147869,66.98961019421252,87.4855111372355,96.11373611590402,76.04248089768724,53.3069,36.9114,83.842,36.401,86.7626953125,74.8443689869836,56.1492,80.57982723880139,87.36525428661075
5,gte-Qwen2-1.5B-instruct,85.44030000000001,64.7434,63.217999999999996,69.72,64.55292107723382,87.30844155844156,45.8146,61.305,44.962999999999994,13.155,54.701,70.403,95.8336,97.40395,81.52085,83.10555,43.0505,41.0793,33.94151656057482,24.976000000000003,80.49030614009419,77.25370084896514,87.79454220555091,82.91015471820322,88.45414278092397,90.32542469203855,66.9215,86.37572865993327,95.3203137438653,69.32549999999999,51.135,33.9393,85.382,50.002,82.66099999999999,72.94567062818335,49.967299999999994,79.64487116574168,87.58146137353202
6,gte-Qwen1.5-7B-instruct,82.81345,67.25999999999999,63.9121,62.644999999999996,66.00208703259058,81.67857142857142,55.757,47.823,44.086,40.149,55.311,68.451,95.58120000000001,95.12625,79.01774999999999,77.73265,49.515,46.7306,32.70743071063257,27.694000000000003,79.14737320486729,76.52178073172526,88.62720469210905,83.32346434965837,87.50432670473445,87.78994504115502,67.1032,87.35031011815016,96.06741547889861,80.5959,55.0899,36.2434,72.72,53.786,78.75399999999999,66.00452744765137,68.40859999999999,79.35792655436586,86.7900899669397
7,GIST-large-Embedding-v0,75.3582,59.798300000000005,58.965500000000006,63.38,64.70120072857361,88.10064935064933,42.3635,60.672000000000004,43.976,33.933,44.302,70.902,91.23440000000001,95.06330000000001,74.36890000000001,77.19115,37.9457,36.0938,32.82488548405117,24.062,82.79782085421951,77.12670500926937,89.28563503553643,83.8288465070091,89.69728364350713,89.66118745178284,70.0997,88.30389489193672,96.54495433438355,60.403600000000004,41.8392,31.515300000000003,69.12700000000001,48.559000000000005,71.86240000000001,59.17374080362195,53.2845,77.59606075943269,85.9613736469497
8,mxbai-embed-large-v1,74.6865671641791,60.10625739174296,58.993897366368074,65.469,63.489700000000006,87.7987,41.87022064365139,58.94200000000001,41.772999999999996,36.225,45.269999999999996,72.503,92.8324,93.9611,76.76990550337719,79.988,37.269967546926125,34.968988572282775,32.6195,23.101,82.77671230423026,79.0687249451691,89.79451553480632,85.21908733722553,89.34383375203599,89.20909866806481,69.04364191808922,89.28960362631743,96.81663100569824,55.0802570899201,40.465001207381015,32.6324,75.53,48.602000000000004,67.314453125,59.7029,51.10890076508168,78.5547,86.2275892878467
9,UAE-Large-V1,75.15671641791045,59.37910271512732,60.51344629594087,66.14999999999999,64.19590406875427,87.69155844155844,41.7929,57.193000000000005,40.873,38.728,44.836,73.947,92.7796,93.99735,76.81196538222225,79.7775,36.881960638412295,34.9983,32.51125957874274,22.980999999999998,82.62331465639475,79.09144554302442,89.6171319711762,85.01783656853793,89.50909892872387,88.99349064256742,69.24564313604081,89.06081794905042,97.236958456951,57.21976219782328,41.8376,30.128,76.271,49.614000000000004,66.8896484375,59.745331069609506,50.2854,78.16796549696478,86.33025598681033
10,GIST-Embedding-v0,74.5672,59.5916,58.7499,62.62,62.68814324295771,87.29545454545453,42.258,60.382999999999996,43.089,31.952,40.644000000000005,69.703,89.6556,94.89099999999999,72.0104,75.3698,37.5789,35.9221,32.35584955492918,23.469,81.28563534883214,76.155337187325,87.84898360302155,83.38989083933329,89.42976214499576,88.58925922945812,68.1524,87.32401087204754,95.97587114452257,61.1531,40.7448,32.3158,69.60300000000001,46.942,72.4186,59.318053197509904,51.9779,76.91824322304332,86.1071528049007
11,bge-large-en-v1.5,74.01492537313432,60.58357599909132,58.73767879927723,64.51599999999999,64.46555939623092,87.78896103896103,42.05574653405882,59.331999999999994,42.075,36.842999999999996,45.021,74.98,92.84599999999999,93.8094,74.8610824886349,77.6255,36.3124446086602,34.523190322337804,32.06102792457849,22.63,81.68367384277421,79.04889235593613,86.37060444136577,82.77810172031654,88.02952704872573,87.49411345544853,67.5200058176575,87.5190636046235,96.7494273659037,59.41857905540503,40.3727,33.1334,74.696,47.058,66.484375,59.94340690435768,52.112700000000004,79.04326607602204,85.60075039899073
12,multilingual-e5-large-instruct,69.6492537313433,62.534993503603,61.28405793014598,58.47599999999999,64.4144611821646,78.03571428571429,42.74642223360121,63.961999999999996,44.732,23.832,48.425000000000004,64.52799999999999,94.6112,91.18449643006883,70.99721607597043,73.6649792545395,38.09242836891137,37.7120740377722,33.066531576528384,19.238,81.73085443529001,82.52836101249812,88.05498843767127,84.82883151106293,91.02208309425296,90.32592440755496,68.16963261930518,88.39290178655834,92.1893142357913,59.96877429544219,46.06532643717497,29.89432614944716,82.509,53.257,66.81640625,59.17657045840408,50.73588384089416,79.78839426143793,86.73195968908499
13,GIST-small-Embedding-v0,73.94775,59.6633,57.14979999999999,59.12,62.3290291318171,86.64935064935065,42.1505,56.979,39.586,31.846000000000004,39.145,66.349,89.4868,95.06485,72.13465,74.6949,37.778600000000004,36.103,32.36227552557184,21.889,80.53174518259549,75.56589127055523,86.26355088415221,82.29883673695083,88.7364409031183,89.02101343562433,68.7533,87.07819121764247,95.89733601612964,58.548199999999994,41.3955,31.813000000000002,69.14,48.379,72.80239999999999,61.00452744765139,51.0261,73.10385271517778,85.34184508966621
14,NoInstruct-small-Embedding-v0,74.74624999999999,60.11260000000001,57.57679999999999,57.593,62.125361608299855,86.3961038961039,41.8853,57.228,39.554,35.083999999999996,40.649,67.411,90.1472,,76.75345,79.4424,38.055699999999995,35.815000000000005,31.919517862194173,21.823,80.30777094408789,75.75714864112797,86.08377598473446,82.28284203795577,88.90045649789438,88.72837234129177,68.5447,86.97909372129874,96.21199069147254,58.426500000000004,41.4804,31.3052,80.118,49.666,69.437,61.26768534238823,50.236000000000004,73.47560303339571,85.48043564821317
15,gte-large,71.69405,58.6399,58.5197,57.158,63.06359661829253,86.05844155844157,41.0188,60.096000000000004,43.271,28.238000000000003,44.499,67.58,88.45600000000002,92.76310000000001,66.43295,72.02189999999999,36.6636,35.5064,32.62512146657428,23.44,79.80930790660699,76.80552915288186,88.10998662068769,82.66200957916445,88.92791680286955,88.46863559173111,69.913,86.07166710670508,95.74716566563774,60.3187,41.9427,32.9017,70.22,53.419000000000004,70.55579999999999,56.57611771363893,52.958000000000006,73.95673761922404,85.52705223340233
16,bge-base-en-v1.5,74.61194029850746,60.682568390916295,58.987464792989975,63.751999999999995,62.128470519187736,86.9512987012987,41.671936179830205,59.648,42.158,32.085,40.646,73.709,90.80799999999998,93.00865,73.05198091609493,76.562,36.32620368274916,35.54675624696722,31.196521894371315,21.725,80.30113956602887,78.02846881992981,84.18359851756962,82.27285338843656,87.95662500150213,86.4138053883104,66.5380780599678,86.41801045690194,96.37070633494467,55.33297004859964,40.64594710398929,30.1948,78.02900000000001,49.714000000000006,67.0361328125,59.38030560271647,50.1358752662136,77.67872502591382,85.64521499076442
17,bilingual-embedding-large,78.70895,57.353,57.640899999999995,55.888000000000005,60.77428226049288,80.99025974025975,39.4234,59.3,39.247,25.407000000000004,38.26,62.039,88.7704,92.2007,72.21305,76.3647,37.0089,35.9139,31.72032807796656,18.829,81.0146278511025,85.52036823639511,89.36590409791387,91.60879188296313,92.02450415044238,88.70915251373806,68.57520000000001,89.28237056532355,92.61210920251231,57.6207,40.4546,32.9524,52.92,43.857,65.56640625,62.80418788907753,46.7888,77.0656524331512,87.19162847931055
18,mmlw-e5-large,76.79105,59.872400000000006,57.64320000000001,62.739,63.9265,87.54220000000001,43.2663,50.615,28.68,15.304,37.704,67.81099999999999,92.0048,94.4202,78.46849999999999,81.0878,38.5244,35.8017,31.3239,4.885,81.401,80.7987,84.9162,81.6616,85.7166,86.36019999999999,66.83930000000001,85.33760000000001,96.53699999999999,59.4283,40.1496,34.0655,38.976,52.847,66.3135,60.8121,51.682300000000005,76.0732,84.0576
19,gte-base,73.0224,59.3139,58.284000000000006,57.12199999999999,61.80250355752458,85.06818181818183,40.617399999999996,60.303,42.687000000000005,28.187,40.758,66.675,85.95200000000001,91.30515,64.90335,71.59440000000001,36.4043,34.902499999999996,32.53637706586391,23.132,78.85870555294795,75.71298531799367,85.72991921531624,81.50806522502528,88.81032027008195,87.89861394614361,67.6592,85.73266847750143,95.72927039014849,59.126,41.431200000000004,30.900499999999997,68.783,48.846000000000004,71.6128,57.01188455008489,51.803200000000004,72.76873850945174,85.54712254033734
20,mmlw-roberta-large,76.83585,60.8105,57.0935,61.904,63.796299999999995,87.67530000000001,43.6246,48.842999999999996,25.058000000000003,14.535,36.792,68.037,91.6484,94.15115,77.92005,81.25225,38.656800000000004,35.958800000000004,31.3164,4.8340000000000005,81.35940000000001,80.3478,84.8021,81.6639,85.8572,86.6505,66.36149999999999,85.0874,96.4769,58.057700000000004,39.2881,34.9666,37.47,51.4,66.6943,61.213899999999995,49.6282,74.9619,84.1692
21,KaLM-embedding-multilingual-mini-v1,75.94030000000001,59.3345,55.442899999999995,56.713,60.01096720382656,79.16883116883118,37.2009,61.763999999999996,40.521,24.654999999999998,46.018,68.238,91.6012,92.4342,71.32549999999999,75.97205,34.2933,32.7722,32.17562277399934,20.241,79.92986896006748,76.66847347731301,84.86841413445535,80.10636060670153,88.69670049389599,87.94347302365394,68.9967,86.06896054399277,94.91386698713322,57.5793,40.435,19.8121,78.374,60.521,70.810546875,62.66553480475382,45.8976,70.92738137519932,86.74895762701595
22,bge-small-en-v1.5,71.45522388059702,59.52876517144434,57.87440246376474,60.348,62.586465273207196,85.74025974025975,41.793127547354,56.376000000000005,38.766,32.196999999999996,40.343,70.717,90.60600000000001,92.1906,71.3014638094838,75.43504999999999,36.66103078151083,34.56652549826163,31.290259910144385,20.518,79.40992826837397,77.44334044593039,82.97998550645033,81.83539566263664,87.26544426377639,87.13996891294413,65.78655539817696,85.86295017067542,96.67083203864044,57.29472500253643,40.3561,28.9243,75.52499999999999,57.57299999999999,65.478515625,60.50650820599886,48.1097,73.32843720487845,84.83865792306811
23,e5-large,74.79105,57.22239999999999,57.2867,49.352000000000004,60.07433334608074,84.14285714285714,39.2882,57.413000000000004,38.572,23.233999999999998,38.558,64.249,82.1096,92.0776,68.1581,72.39225,36.087399999999995,34.467,30.782211620375964,20.116999999999997,80.48508130408966,75.93057758003266,85.22240034668202,80.54074646118492,88.81459873052108,89.36731628848683,65.65480000000001,87.21366640615442,95.41507679819003,56.889,39.6459,33.2602,78.31700000000001,59.691,70.5592,61.20543293718167,46.1526,76.09792353652536,86.31476416599727
24,gte-small,71.8358,58.3687,57.3318,55.440999999999995,61.720297062897764,84.0844155844156,41.3885,57.668,39.842,26.673000000000002,39.353,64.54299999999999,86.80239999999999,91.96029999999999,65.01545,70.6626,37.2048,35.4979,32.20682480490871,21.382,77.92985224770254,75.1221970851712,85.08683458043946,81.03453291428589,88.31966852492485,87.59086606735383,68.1546,85.57014313159492,95.5743678558349,57.681400000000004,41.8939,30.1398,66.52900000000001,49.187,70.3302,58.22297679683077,49.519800000000004,70.3278904593286,85.08006075642194
25,speed-embedding-7b-instruct,72.40299999999999,60.0154,56.0762,59.294999999999995,67.2259454062751,88.63636363636364,38.1548,22.166,16.043,16.092000000000002,56.053,33.324,94.87799999999999,87.581,65.99040000000001,68.18485,34.8086,30.216199999999997,33.35707665482982,16.628999999999998,82.46041161692649,80.15194914870666,89.94300436293618,86.23848649310362,91.19520084590636,91.93416269793802,64.3502,89.20507562822989,95.77631677784113,52.5119,40.5611,18.1612,87.433,23.585,68.43159999999999,63.82852292020373,25.8084,81.67496006818212,87.49835162128704
26,mmlw-e5-base,76.13435,59.867000000000004,55.5983,59.833999999999996,61.6053,86.01299999999999,42.6656,49.976,28.509,20.003999999999998,26.241999999999997,66.07499999999999,85.624,94.0357,75.40445,79.63895,37.711,35.576,31.1894,5.346,80.8023,78.57119999999999,83.7403,82.2311,88.1554,86.5517,64.4899,86.6135,96.3292,57.4387,39.605000000000004,31.869500000000002,39.997,46.39,64.6729,61.369600000000005,48.3864,72.895,85.4059
27,KaLM-embedding-multilingual-mini-instruct-v1,81.306,58.914699999999996,54.5492,56.569,60.158996366210474,84.92857142857144,37.1479,62.366,41.831,7.6530000000000005,45.019,59.333999999999996,95.0268,92.1685,70.20660000000001,74.07545,34.6143,33.874300000000005,31.586146859630325,20.429,79.63245426461405,81.49535893255212,84.49255715794354,80.05601661201852,86.54345663501209,86.40304228488033,68.36330000000001,84.2970803211202,94.18170827750167,53.73440000000001,39.9927,7.138400000000001,79.536,42.803000000000004,89.0380859375,76.49405772495754,41.6252,71.5997871796046,86.3276630523782
28,mmlw-roberta-base,76.8358,60.6571,53.796,59.992999999999995,62.2825,85.7565,41.875299999999996,48.975,26.032,20.869,26.395000000000003,65.57,84.69839999999999,93.91015,74.9339,79.00065000000001,37.5717,36.260799999999996,31.0913,5.702,80.6494,77.8013,84.2942,82.6476,88.17,86.6398,64.9992,86.4214,96.1705,54.2221,38.7334,30.833899999999996,41.243,47.063,65.4199,60.5772,47.002,71.83709999999999,85.6037
29,GIST-all-MiniLM-L6-v2,71.46269999999998,59.067099999999996,54.8437,51.254999999999995,62.96517580629869,84.2435064935065,41.120000000000005,56.825,41.797000000000004,25.541000000000004,37.852999999999994,55.455,78.542,94.848,69.5642,72.66935,38.2434,35.5317,31.310305659169963,21.438,79.09232997136625,75.03945035801914,83.26431569305103,78.61877889763109,87.03494331841401,87.35865211085007,68.3887,84.40071593577095,94.14261011689366,54.20120000000001,41.0635,26.9972,51.468,57.681000000000004,72.90140000000001,59.85285795132994,45.791399999999996,70.45642872444971,85.58148320880878
30,e5-large-v2,78.47014925373135,57.78481103327435,55.10124770152588,46.427,59.616107510107774,84.54545454545455,39.7176428189129,58.41,38.868,22.728,41.144,73.02300000000001,91.686,92.9294,68.33814687117835,71.486,35.21593460610038,33.85838541505167,31.82504612539082,20.498,79.15895517070432,73.55323398454772,80.98029517065778,79.15977416467089,88.29499706388188,89.55259542610446,67.20097085618684,84.5488080918384,94.83551821336549,52.07408773855098,39.84375347506265,32.3376,66.636,42.391,63.291015625,60.94227504244483,48.243655735697786,76.91572747061197,86.44115834976903
31,gte-multilingual-base,73.6492537313433,57.99437291346836,57.94172192774746,58.284000000000006,61.87514497610431,85.36038961038962,39.66085270512206,55.606,36.933,35.965,45.005,64.118,74.912,92.53989968080255,69.33432592221618,,36.920965436200994,34.91208896744532,31.7530992892652,18.257,79.34202518512105,77.50749639238504,85.55376747969324,81.67569532872871,88.94403930558215,88.90542539271642,67.23002582589221,86.4554908309818,95.45486732659924,51.91497256515773,38.0834,24.754594544362913,57.668,44.023,68.310546875,57.60045274476514,50.148199999999996,71.8812,85.41579134030077
32,e5-base-v2,75.39552238805969,57.96287997107758,54.62964772346335,44.568000000000005,58.97793816337376,83.52922077922076,39.11946928392568,55.742000000000004,36.903999999999996,27.322999999999997,39.883,69.08800000000001,86.15,92.1362,67.74574513797393,72.617,35.53594605417122,33.347301106853486,31.2916268497217,18.681,78.39807283202838,73.48862196374729,82.99690334443994,80.44585834356297,88.18055224097617,88.89012640998367,66.51056943318795,85.47988918811889,94.25578233832086,53.11466874767545,39.53167019072793,34.2615,69.633,49.852000000000004,65.8740234375,60.39049235993209,48.36694939036682,75.97497873817315,86.66483900596083
33,snowflake-arctic-embed-l-v2.0,64.61195,57.1874,53.1249,59.11,63.34760000000001,81.8149,37.1826,63.184,46.567,42.827,45.349000000000004,68.402,72.8232,93.5063,71.71255,75.9213,34.9524,32.5863,31.5889,20.276,73.9812,71.22579999999999,80.4384,75.1031,82.865,84.5295,67.8599,79.2127,96.542,56.2998,41.2491,33.834599999999995,83.633,64.05,65.874,59.6378,42.4121,67.01129999999999,85.4327
34,bilingual-embedding-base,77.78359999999999,56.9346,54.394299999999994,51.867,59.2761176425466,78.46103896103897,38.0501,57.534,36.620999999999995,18.062,29.974,65.092,87.392,92.61755000000001,69.1514,75.2068,34.9347,32.9464,31.65436388779704,16.927,79.49310740723678,79.59450354665624,84.70010174539925,83.91546630697559,89.87899103812357,88.69212374652548,64.2707,87.44031003802738,94.75976312657727,56.533699999999996,39.7885,27.6439,49.443,44.152,63.38378906249999,62.467458970005666,43.249900000000004,73.77139111004601,86.48986996838993
35,e5-base,77.9627,55.16,54.9871,51.410999999999994,59.65675531567043,83.32792207792208,37.4893,55.022000000000006,38.304,16.289,36.368,63.246,75.958,90.52095,67.0581,71.38215,34.6347,32.0616,30.068174046665224,18.990000000000002,79.66419880841734,74.2189990321174,83.31401180333397,78.52252410630707,88.34876527774259,87.23010990417097,63.741,86.18102563389962,94.87673936635738,54.2585,37.644800000000004,33.383,79.63799999999999,57.168,74.117,61.38370118845502,43.9144,74.3994879581554,85.97819287477351
36,Solon-embeddings-large-0.1,76.7015,56.89959999999999,54.7207,56.925000000000004,58.7275,80.3442,39.399,59.983,39.809,20.904,37.695,64.043,84.17519999999999,91.60695000000001,70.36575,73.50760000000001,36.4499,33.3493,31.2846,20.430999999999997,78.227,73.4113,79.31869999999999,77.83919999999999,86.86779999999999,89.193,67.8539,83.5086,92.3772,47.477799999999995,38.095800000000004,33.915,61.867000000000004,50.318,65.9668,60.749900000000004,35.0661,74.98280000000001,86.03460000000001
37,bge-m3-custom-fr,72.62685,54.2435,49.9528,51.591,61.9981,82.0779,31.8016,55.867999999999995,40.244,27.299,38.186,65.196,87.0164,94.53214999999999,71.3356,77.5682,31.0821,30.581799999999998,30.026999999999997,14.024000000000001,77.63250000000001,81.355,81.5511,80.0594,88.0237,86.96430000000001,66.4872,84.9036,96.55510000000001,49.858799999999995,37.2626,33.1076,44.867000000000004,43.541999999999994,67.74900000000001,61.706300000000006,42.7297,71.997,85.9136
38,snowflake-arctic-embed-m-v2.0,65.67165,57.53660000000001,51.8794,58.011,60.648500000000006,80.18180000000001,38.1119,65.315,48.189,38.683,43.958999999999996,71.911,69.0916,92.19525,68.0121,72.6737,35.364200000000004,31.618299999999998,30.3039,20.347,71.3142,70.6581,77.4225,72.9162,81.83200000000001,84.10459999999999,68.5967,76.00919999999999,96.00319999999999,53.989,40.875699999999995,30.305799999999998,80.342,65.413,64.8096,58.1692,39.582499999999996,64.76859999999999,85.9496
39,Ivysaur,71.17914999999999,57.322799999999994,53.542199999999994,55.783,59.69637278242267,81.91558441558439,41.4341,54.652,38.387,22.191,30.708999999999996,57.313,80.7996,92.20565,70.75945,74.81125,36.6592,33.7055,31.7776266029616,18.636,75.63155962642634,68.58158236004101,80.54473705232682,77.628680514703,86.15687211744392,88.5704237984555,67.3878,84.24952159575491,95.11999931294784,51.239599999999996,39.198,27.867399999999996,60.324,54.212,65.458984375,58.658743633276735,39.5984,69.97192936786296,85.08920672765427
40,e5-small-v2,76.8507462686567,53.8363445953143,52.861004141593156,41.794,58.10811337308168,81.63636363636364,37.464846514243256,55.706999999999994,35.971,23.194,37.434,66.892,86.00280000000001,90.53255,65.8547624253615,70.82459999999999,34.80660307591203,31.50336772588932,30.096874986740758,17.714,79.2507216483598,73.7079788758814,82.31720264513166,80.06919084564517,87.20998142742839,87.58094863633612,66.29904599827411,84.91603276683479,95.08344066205744,46.55300833419639,38.1701495052936,33.2283,74.373,49.828,63.73046875,61.46293152235427,41.205223085486686,73.34325409809446,85.9557793642612
41,e5-small,74.2612,54.796,54.653,46.693,59.35843292105327,81.87337662337661,38.16344531951946,53.334,34.288000000000004,17.362,34.795,57.955,75.5492,87.7239,64.9643,68.99125,34.45973726395133,32.317027281918584,29.564149683482206,16.419,78.9003023008781,75.1883451602451,81.79962989974364,78.48371403924872,87.49276894673142,87.94243515296604,64.76650000000001,86.36336704300167,95.32449994414968,48.324681373993286,36.61429204340775,31.060900000000004,76.777,56.571000000000005,72.76460000000002,63.30503678551217,38.33947263662072,74.15520712370555,85.78879502899773
42,all-mpnet-base-v2,,61.47339210179387,56.45931195046712,46.521,65.85199009344481,81.70129870129873,42.676987260927746,60.026,45.414,22.279,49.963,43.644,71.1736,,,,39.86180327086377,37.02341481430672,30.967817606105797,23.765,80.5854182940807,72.63425649613447,83.4849352820061,78.00015498590187,85.66278413019339,90.59523263123734,68.38595785593503,83.42190973012376,90.14551416831162,44.847209765289975,40.312099057006,23.732402913831226,51.32600000000001,48.93,61.05468750000001,55.045274476513875,50.135217111183714,73.8687762939226,85.10833131416969
43,mmlw-e5-small,73.1716,59.169000000000004,54.112899999999996,58.723000000000006,60.4326,83.51950000000001,40.8031,41.326,21.849,15.190000000000001,24.712999999999997,56.811,79.2072,91.8265,74.00919999999999,77.8858,36.8133,35.1667,30.5939,6.36,78.5342,77.0012,82.0848,80.33409999999999,85.9778,86.00750000000001,63.9111,84.3509,95.3685,54.517700000000005,39.1366,32.0884,38.702,46.957,63.48629999999999,62.201499999999996,43.5728,66.7444,83.99940000000001
44,bilingual-embedding-small,72.81345,55.2794,52.5221,53.593999999999994,56.78685528593245,80.31493506493506,37.500499999999995,53.062,33.363,20.793,24.467,60.512,73.702,90.9605,70.43639999999999,75.19575,34.1211,32.3403,30.919005892986945,16.203,74.64910820402831,79.39117869636218,85.3226077419183,83.89978896960656,88.46744045180212,85.76725038940407,65.6196,86.0757276289371,94.53929097513269,50.5889,38.7605,29.839,46.788999999999994,42.266999999999996,62.5244140625,59.60384833050367,41.2949,68.02422564958268,86.47944792205789
45,snowflake-arctic-embed-l,63.3209,56.3437,58.2928,59.086000000000006,60.34614226394902,80.06493506493507,38.8528,64.97,47.258,39.983999999999995,44.707,75.469,72.876,89.8255,60.671600000000005,67.91055,34.4783,35.0014,29.08234393834005,21.361,69.32425977603488,67.85470749045027,77.48991626780108,69.77157648098141,80.16458787843023,82.28085055047386,69.8366,75.67875747588545,95.22680188132777,56.686899999999994,42.4879,20.3791,80.716,67.884,64.7092,56.737408036219584,43.471900000000005,62.34858091376534,84.84152743322608
46,snowflake-arctic-embed-s,64.403,55.387100000000004,52.756400000000006,56.874,61.149290266979236,79.11688311688312,38.3143,60.161,42.487,31.627,39.682,66.74,69.48679999999999,90.1032,63.1799,69.2733,34.4885,32.5725,30.601827413968596,19.42,69.66114097154585,68.78540928870311,79.61879435615303,75.57574519760183,84.64256921939338,86.73200885328937,71.3378,81.18789220331483,95.2776439040401,52.803,40.0655,32.4851,81.388,68.016,61.96360000000001,58.90492359932088,39.729,65.77588818364636,85.15414684113986
47,paraphrase-multilingual-mpnet-base-v2,75.69402985074628,55.34276670530136,55.16032759428068,48.908,60.16365489308333,81.0974025974026,36.0697590403586,44.836,31.501,16.378,22.964000000000002,43.405,64.5752,89.51409763218538,70.05143775981443,75.81630567062435,35.773235342706016,36.16079235509771,30.149454082146715,13.965,79.62205774287166,77.89525808313972,85.1067656701606,80.80585658408256,87.48018793840922,86.99305255112367,63.51847725882376,86.82218476677824,91.09871555441387,46.235438475977034,38.23080684000874,29.454900494015202,37.872,50.002,65.556640625,59.03791737408035,45.188101293993746,68.75271734826855,85.32492627482752
48,ember-v1,76.05970149253731,,,64.563,64.45997990276463,87.89935064935065,,60.599000000000004,41.996,,44.302,,92.78880000000001,94.59188326493388,77.4142568930733,80.44720914593141,,,32.27071371606404,19.580000000000002,81.74697270664319,78.51011398910948,86.62037823380983,83.05697553913335,88.38581627185445,87.90311138579116,,87.76870289783061,96.83057412333741,,,,64.13799999999999,,71.4178,60.00282965478212,,79.28766491329633,85.9835303311168
49,snowflake-arctic-embed-m-long,60.49255,57.266799999999996,55.4602,60.364,61.355489424753884,80.26298701298703,37.2768,62.134,44.933,34.297,42.163000000000004,73.20100000000001,71.7904,,62.101049999999994,69.46325,34.8386,32.2653,29.910228061734816,20.47,70.91162732446628,66.10824660353681,79.82293444619499,73.63809739428072,83.23485786963107,80.59196586367551,66.8356,77.89671867168987,94.67482871230737,57.1214,42.7641,24.9842,81.69800000000001,65.19200000000001,66.739,56.72891907187323,43.789,66.17413621964548,85.20971719214488
50,slx-v0.1,,59.106899999999996,54.5423,50.166999999999994,63.4768,80.04220779220779,40.9887,56.923,41.31,20.658,36.867,49.886,61.763999999999996,91.82337333247644,67.43789593429992,73.86008052738426,37.6066,35.4404,30.8002,21.641,77.58239999999999,72.369,80.6032,75.5891,85.3896,87.5878,67.7112,82.0325,94.5506,52.00939999999999,40.3476,25.971100000000003,47.246,49.713,62.0947265625,54.04357668364459,46.0186,67.85799999999999,84.7017
51,gte-micro-v4,70.61189999999999,55.395,52.9036,47.368,58.01141755339977,80.9220779220779,38.874900000000004,49.647000000000006,28.419,20.5,22.549,55.749,71.9568,90.90754999999999,69.42245,74.2612,36.007,34.200599999999994,31.5554,16.243,76.1108,72.67139999999999,82.1624,78.17070000000001,86.28099999999999,88.1136,65.4157,83.9242,95.53621808930455,54.7458,37.6187,28.5933,49.032,50.578,66.0402,59.42840973401245,41.4093,67.77652401372912,84.68882859374924
52,bge-multilingual-gemma2,89.47761194029852,,,77.36555747844541,64.59457317979604,92.53246753246755,,,,,60.04205769404706,,96.66480000000001,98.61149110807114,82.04774714189644,84.40147948890383,,,31.794062752995345,26.93150756480961,82.66085892322664,77.71091257651071,87.44662352358895,83.48313793311584,87.63145141246594,91.18282119920893,,87.25208310840168,91.2326885940691,,,,64.26928884606035,,87.34339999999999,78.86247877758915,,79.67744645365104,87.00849868076658
53,snowflake-arctic-embed-m-v1.5,63.50745,56.388799999999996,53.2505,59.53000000000001,61.597667288657846,80.0064935064935,37.0338,62.686,46.54,37.261,42.396,72.368,84.35640000000001,89.6626,61.877300000000005,69.12230000000001,35.41598539873297,33.0321923941561,30.20503776754942,21.490000000000002,70.0345,64.9088,73.6707,65.2493,76.7534,80.5787,69.589,69.4352,94.5158,57.607299999999995,41.530699999999996,29.8883,84.634,64.982,63.2959,53.907753254103,42.9756,63.282103870645166,82.1362
54,all-MiniLM-L6-v2,62.55223880597015,59.10688886391535,54.54234024039991,50.166999999999994,63.47681681237331,80.04220779220779,40.988693072325084,56.923,41.31,20.658,36.867,49.886,61.763999999999996,91.82337333247644,67.43789593429992,73.86008052738424,37.606571903927986,35.44035140379834,30.802387794836957,21.641,77.5824552546972,72.36899998079942,80.60316722220763,75.58912408385123,85.38961998125278,87.58779089494524,67.71118263513061,82.03247283076371,94.55063045792448,45.168045041945824,40.34756263973665,25.958327681055334,47.232,49.713,62.0947265625,54.04357668364459,46.0185975355403,67.85804899562046,84.70165732885377
55,jina-embedding-b-en-v1,66.5821,51.7135,46.8014,49.006,62.4029266143623,84.05519480519482,36.453799999999994,52.332,37.815,25.793,34.062,55.141,63.8708,91.5378,71.23155,76.19865,33.9342,28.472399999999997,31.55552172383111,17.626,79.1378154534123,75.06080146054282,80.85907200101076,76.12917164308409,85.55427877110485,88.97626967707933,68.1524,82.57071649593358,95.48085242816634,45.5653,37.4648,27.1528,60.571,58.863,66.1456,56.850594227504246,39.175,68.30176948820142,85.33305785100573
56,snowflake-arctic-embed-m,63.76120000000001,57.497299999999996,57.556799999999996,56.436,60.53175025582013,80.33766233766232,38.3746,62.339,45.068000000000005,39.767,42.403,73.83999999999999,74.08200000000001,85.55265000000001,53.2092,60.977250000000005,35.286,34.1667,29.170019896091908,21.096999999999998,69.12484963763646,66.96821894433991,79.1153001117325,68.50538405089604,79.92003940566667,81.46108646565362,67.2094,74.0981396086974,95.21196473745839,57.166799999999995,44.2062,19.6331,79.646,65.374,64.9346,56.72608941709111,39.5893,63.28364302860433,84.71928330149228
57,bge-large-en,76.94029850746269,,,62.456999999999994,63.97867370559182,88.00000000000001,,59.507,41.494,,44.994,,93.5064,94.64888280893753,79.60659045057163,81.83254875588432,,,30.994501713009452,22.215,81.04583513112122,79.75387012744471,84.98234585939103,80.7997969966883,84.88671197763652,85.8193745617297,,85.0995685206174,96.82857341435529,,,,75.375,,70.08300000000001,59.34069043576683,,78.00158454104036,83.56538942001427
58,all-MiniLM-L12-v2,,57.444530301367216,55.06172809210715,47.128,64.06160552465775,80.40584415584415,40.1003820738696,56.855999999999995,43.86,21.788,37.274,48.609,59.7812,,,,37.82045138546486,35.40675349150328,31.024119923286264,21.818,79.31807926686743,73.08329046069596,82.13397006371551,76.73415930715883,85.57753868157322,88.6282754793921,65.99929963013724,83.08944078573145,92.57864755679249,44.738982443271006,38.89380762927194,23.788565600699133,50.815999999999995,49.57,63.33984375,54.244482173174866,47.0404434051484,70.01735144185231,84.77318636442885
59,Arabic-all-nli-triplet-Matryoshka,77.55969999999999,52.660700000000006,52.528600000000004,43.974999999999994,58.814699999999995,80.9026,32.3849,44.022,29.134999999999998,16.5,19.543,37.738,64.7472,91.21235000000001,70.0266,73.6613,32.34,31.638899999999996,29.2014,12.864999999999998,79.39435627520159,78.93043293576132,82.73032633919925,81.64974497557361,87.62163215009723,87.1502,61.845099999999995,86.16303183485594,89.41799999999999,48.5842,36.2055,30.6423,38.51,44.278,64.94630000000001,59.9095,38.9243,70.7183,86.0714
60,LLM2Vec-Mistral-7B-Instruct-v2-mntp-unsup-simcse,76.7239,58.167500000000004,52.0759,51.001,58.602773795071585,86.1590909090909,39.412000000000006,50.707,32.722,9.254999999999999,27.244,35.995,77.954,91.23295,69.54390000000001,71.63825,34.8189,27.9924,29.73337424086118,15.345,75.55405115197729,67.65074099726466,83.89765011154986,76.97256789216159,83.80216382863031,85.58485422591949,66.9787,80.41509666334721,91.30057039245253,48.1736,40.8578,26.690199999999997,55.665,11.431,70.71119999999999,60.89983022071308,24.3899,68.76039123104324,82.76174215711472
61,Bulbasaur,70.2463,54.8762,51.9981,44.798,57.489775602270086,80.57792207792207,37.2338,47.616,26.104,18.494,21.291,54.566,71.5272,90.86535,69.3386,73.78155,34.752100000000006,31.7803,31.7776266029616,15.312000000000001,76.0433546110243,69.49541146727839,80.96085686108583,77.08348207580887,85.41548418250477,88.03461344591356,64.1217,83.33681512924129,95.3535743677476,52.8627,36.7677,27.764499999999998,47.772999999999996,46.211999999999996,66.2939453125,59.49066213921902,39.8454,68.07824251821404,84.74905878045149
62,bge-base-en,75.73134328358209,,,61.487,62.23221013208242,86.44480519480518,,58.811,40.71,,40.758,,91.4,94.36844505243957,76.04909213180902,79.76126429051781,,,30.75499243990726,21.298000000000002,80.0171084446234,77.93462937801245,83.85931509330395,81.51200091040481,87.33044482064973,85.58139465695983,,85.95475815226862,96.2635334753325,,,,76.447,,71.5942,59.39728353140916,,76.4527555010203,85.20370297495491
63,KartonBERT-USE-base-v1,72.46265000000001,52.649,51.7358,51.669,56.5188,68.9708,32.798,44.182,29.076,26.489,23.604,55.364999999999995,71.2848,89.99725000000001,66.37875,73.09844999999999,34.769099999999995,32.2108,30.6272,14.09,74.0107,70.7619,75.5548,74.423,84.021,85.7333,67.64569999999999,79.7402,95.2886,51.2061,41.3934,29.2672,59.48,44.933,72.7881,61.29599999999999,38.1375,65.3082,82.4309
64,snowflake-arctic-embed-xs,57.910450000000004,54.9722,51.6956,52.081,60.25381587694928,76.37337662337663,35.2493,57.055,40.096,30.187,34.522999999999996,67.22399999999999,62.80240000000001,89.57764999999999,59.768100000000004,69.0259,33.5661,31.6915,30.256308756916646,18.355,69.2566375434526,65.89916377105551,77.86961921643416,72.81574657995401,83.4885552472602,84.4948593656943,68.8682,79.18395553127085,94.96375600031361,53.4311,40.1885,27.9607,79.431,64.584,64.305,56.1941143180532,38.7615,64.31539216162541,84.70041593996575
65,gme-Qwen2-VL-2B-Instruct,72.55223880597015,,,61.524,60.653430349851746,80.2435064935065,,51.778999999999996,38.586,,45.297,,96.0428,95.74555403556772,78.51714862138535,80.03698722259583,,,33.41312482460189,23.172,73.98553311584509,72.05290668592296,84.4847436140129,77.91329577609622,87.62293916855751,88.78668529808967,,83.3985199217591,97.73324334051959,,,,59.243,,88.7576,73.52009054895304,,65.82409143427542,84.05164646221583
66,sentence_croissant_alpha_v0.4,66.39550000000001,58.5928,54.4624,52.089,57.9326,81.2662,37.394800000000004,45.293,31.312,24.337,28.348000000000003,48.719,72.05,90.31825,66.99495,71.70209999999999,33.7423,32.5353,31.375799999999998,15.231,67.63090000000001,65.681,81.26050000000001,74.0395,80.7361,86.2573,66.35950000000001,79.7631,89.3511,50.2529,39.231700000000004,28.4595,60.495,52.222,59.1699,53.7832,39.5262,56.8326,83.73230000000001
67,paraphrase-multilingual-MiniLM-L12-v2,71.44776119402985,53.61794435755446,52.24573621152333,44.878,60.48755233381351,79.79545454545455,36.183432722474876,44.330999999999996,32.168,19.48,20.326,37.547000000000004,60.46159999999999,87.40501504175886,67.4561687436385,71.77021231059409,34.746286271901724,35.43956788289761,30.370839639816076,13.778000000000002,79.60669235249621,76.02134324654331,80.69594195489891,78.85313504683504,85.8377178673668,86.86762395650825,62.066135705904365,84.4167885297171,91.14959431815379,43.471709937699465,37.4808920761608,26.922551919465178,39.345,48.841,60.12695312500001,56.10356536502547,40.722209481218144,65.06317644827732,83.83014551116797
68,sentence_croissant_alpha_v0.3,69.83585,55.098400000000005,51.5448,44.385000000000005,57.379400000000004,81.1721,35.328700000000005,49.38,32.284,23.94,28.587,49.236999999999995,69.5372,90.45115,67.24105,71.55485,32.435399999999994,31.728299999999997,31.0733,15.312999999999999,68.8972,68.34989999999999,82.60889999999999,75.9534,82.8973,86.69879999999999,66.8825,82.19030000000001,90.6748,49.2321,38.629400000000004,25.7571,60.587,47.963,63.7988,54.2615,39.014700000000005,60.067499999999995,83.8207
69,bge-small-en,74.34328358208955,,,58.835,62.28285314871488,85.31493506493506,,55.676,37.973,,39.872,,91.5152,93.54765161878704,75.83053127101547,78.72562205783457,,,30.462692753143834,20.191,79.2463589100662,78.36856568042397,81.85436343502379,80.85052504637808,86.46858500002092,85.70951402743276,,84.8853341842566,96.54142419791388,,,,73.164,,68.8394,60.546123372948514,,71.14592761009864,83.83585648120315
70,sentence_croissant_alpha_v0.2,66.1567,59.5187,54.8091,48.372,55.1326,80.474,37.5165,44.108000000000004,29.605999999999998,25.482,26.704,46.547,71.148,90.44105,66.12075,71.84875,33.819300000000005,32.7564,31.5857,14.885000000000002,64.878,65.54759999999999,78.9081,71.5049,79.9044,86.6948,64.2162,77.14760000000001,87.74499999999999,49.9431,40.3748,28.7012,55.811,45.025,63.242200000000004,54.5671,36.5912,55.0817,82.7212
71,ru-en-RoSBERTa,67.28354999999999,56.76330000000001,51.82679999999999,46.085,56.47410000000001,71.2825,36.8041,47.052,30.296,23.237,25.728,55.164,80.2612,84.06439999999999,61.53685,67.5796,36.4014,31.2764,31.1207,14.939,73.1819,67.62310000000001,78.0072,71.47670000000001,83.6179,86.23910000000001,66.3336,79.9474,88.24459999999999,52.5582,37.520399999999995,27.999200000000002,63.166999999999994,54.759,63.7158,60.4697,37.913000000000004,54.618599999999994,81.24719999999999
72,jina-embeddings-v2-base-en,52.78355,47.1547,47.4875,44.181,62.247725694904034,84.01298701298701,5.7369,56.516,38.656,0.018000000000000002,41.579,0.024,79.4408,20.82535,7.312450000000001,12.84785,15.453,16.4698,30.540919056982545,19.863,79.6487740813199,74.27447427941591,84.17947648159536,78.80745014464101,87.55320285299192,88.87813323759015,7.895099999999999,84.84429717949759,95.30034785910676,35.0735,26.579399999999996,6.0433,65.913,0,73.3474,62.062818336163,9.1135,74.7367761466634,86.08681215460771
73,LaBSE-ru-turbo,73.03729999999999,53.0679,49.3219,46.568,55.914699999999996,73.54220000000001,33.0822,44.794,27.605,14.084,21.012,56.984,71.5828,89.85005,65.0413,70.96905,33.3698,28.176000000000002,29.189799999999998,11.703,75.5673,72.4468,78.9802,76.6976,85.6228,86.48949999999999,63.105,81.8233,94.39269999999999,45.373999999999995,37.0709,32.7413,30.522,38.119,64.2773,63.4918,26.3845,64.7563,84.1816
74,Wartortle,68.94775,55.6376,52.13759999999999,35.865,54.0887502643707,71.07467532467531,34.89,37.074,20.742,14.332,8.097999999999999,50.40599999999999,74.5976,88.18925,62.871199999999995,68.258,32.3423,29.7903,30.27968813284564,11.124,78.23859592249686,75.1886741501174,79.33304952540263,76.56213113240312,84.7000298638952,86.61476790521185,63.4256,81.7934403165178,90.15934028795763,50.3785,36.355399999999996,29.3062,35.736000000000004,16.875999999999998,65.1513671875,62.5438596491228,32.984,67.48296380006165,84.5306725053528
75,Arabic-MiniLM-L12-v2-all-nli-triplet,74.32835,52.6815,51.634800000000006,40.791,58.34629999999999,77.9481,33.5766,39.857,27.284999999999997,14.835,15.424,32.29,60.621199999999995,86.71504999999999,66.4022,70.485,31.589299999999998,31.1501,29.946299999999997,10.929,79.61914245705792,77.38689922564416,79.58989311630421,79.78614320477877,86.21134464371615,85.94500000000001,61.3263,84.3492527221498,89.785,48.3682,36.079499999999996,28.0443,30.658,42.135,61.7285,57.96829999999999,34.9951,66.5613,84.7153
76,jina-embeddings-v2-small-en,65.2015,48.3147,49.6587,46.729,59.61809790513646,78.25,20.8927,55.278000000000006,37.735,0.28400000000000003,33.432,4.656,73.64359999999999,,51.4949,55.074400000000004,24.4033,23.8903,30.99145104942086,18.605,76.7212346922664,73.66390263429565,83.29727595993955,79.1686548248754,87.29947322714338,88.23061724730616,47.5839,84.03893866106175,95.11619225962413,42.3103,29.367700000000003,20.0971,65.18,2.244,71.54419999999999,59.402942840973395,17.6923,72.14521480685293,86.05431303247397
77,STS-multilingual-mpnet-base-v2,71.67909999999999,51.5432,49.367,41.501,56.6002,79.88640000000001,21.3935,33.808,22.241,9.657,14.951999999999998,30.616,58.2736,86.5089,64.48415,68.2933,27.296599999999998,30.0454,28.3327,9.396,94.65249999999999,95.4619,97.7636,97.52929999999999,98.1124,0.9378741534997558,63.8535,0.9762486352335524,91.5748,39.7963,36.6591,27.095000000000002,28.936,32.156,62.8027,58.0306,32.5026,70.76259999999999,85.0724
78,gte-micro,67.70894999999999,54.446600000000004,52.2401,37.980999999999995,55.312310786737015,69.56168831168831,33.1825,41.004000000000005,20.259,7.225,11.027000000000001,51.739999999999995,62.17159999999999,86.95994999999999,59.46,66.599,31.795,30.9776,31,11.193999999999999,76.9542,74.8905,81.65780000000001,76.658,84.97590000000001,85.9479,58.4728,80.1173,94.35547438808531,53.768499999999996,36.4398,28.757500000000004,41.904,29.483999999999998,66.1018,60.77532541029994,42.0221,63.85440662982004,84.0711576640934
79,jina-embedding-s-en-v1,63.97014999999999,47.4345,40.7978,43.566,60.24873612289029,74.64285714285714,32.7398,49.668,32.239000000000004,23.937,25.189,51.351,58.7064,89.254,65.0801,71.72970000000001,31.8439,27.3186,30.680711484149832,15.293000000000001,76.33071660715956,74.27699263517789,78.55383586979005,73.84318001499558,83.71357922283677,87.4898082140765,67.2004,79.19504854997832,94.9287554635848,47.9275,37.1935,24.919,52.303,51.992000000000004,59.4402,54.25863044708545,34.0148,59.29878710961347,83.43513915159009
80,Arabic-labse-Matryoshka,70.97015,52.144999999999996,49.5583,41.699000000000005,53.68000000000001,70.2955,31.8139,34.589999999999996,20.967,13.023000000000001,12.217,28.250999999999998,65.0308,85.29299999999999,64.26244999999999,68.49275,33.146300000000004,28.328599999999998,29.2394,9.626,77.03286420274621,79.21432176112556,79.54963868861196,78.84601702652395,85.60821849381648,83.2936,63.769600000000004,82.04996129795596,90.1768,47.3132,35.3922,31.831799999999998,27.311000000000003,26.11,66.5918,64.6038,31.302200000000003,68.4249,85.10379999999999
81,arabic-english-sts-matryoshka,69.05224999999999,52.528200000000005,50.487,23.25,52.224599999999995,76.4091,32.0096,24.175,12.559000000000001,9.804,8.851,15.523000000000001,82.7496,82.5683,66.02105,69.84115,32.0355,28.2098,28.3065,6.283999999999999,77.9915,78.8377,82.00739999999999,79.3489,85.5924,87.05959159411456,64.3968,84.0891,81.9392,48.0493,35.3921,35.0661,22.262,25.066,67.4707,60.4669,31.089899999999997,68.0053,82.9793
82,text2vec-base-multilingual,,49.3802,50.7806,31.355,57.91471462820568,78.08441558441558,31.377100000000002,32.635999999999996,21.63,12.23,12.342,22.867,59.348,,,,33.3962,31.1137,29.6419,9.802,79.97373018384307,80.91314664846955,82.86479010707745,87.36399473803172,88.31438033558268,85.81084095829584,63.485800000000005,86.44881302053585,85.47332647001774,41.021800000000006,36.1323,25.5359,32.101,33.916000000000004,65.96839999999999,55.220713073005086,32.5429,63.459878609769774,83.45540469219863
83,potion-base-8M,70.22385,55.0836,49.2501,41.966,54.13950871400633,72.63636363636363,33.4368,39.235,20.061999999999998,18.724,16.619,39.04,70.78,89.03939999999999,63.9525,70.37845,31.5201,28.3238,29.431722284942175,12.386999999999999,64.6753400763881,62.248985055530525,77.27600787572996,71.914099628002,79.75345871163103,85.96709815630739,63.0796,75.40519061413276,90.20131927652946,50.3733,36.7811,25.064700000000002,45.747,43.816,69.0625,55.387662705149964,33.1746,57.516050924090266,82.13756947863085
84,Squirtle,68.35074999999999,52.7656,51.20980000000001,31.14,52.344372012529384,67.12987012987013,32.8506,31.618000000000002,18.311,11.474,6.425,43.638,74.9528,87.29875,62.051100000000005,67.2465,31.488100000000003,28.3515,30.088514713666076,9.931,77.33681018334157,70.15243619467687,78.41580967540904,74.76063270848232,82.00177922226122,85.85093351857286,61.2002,79.20891358738938,85.53918872229502,48.5537,35.4061,28.585,39.479,15.982,64.47265625,61.79966044142614,29.7541,67.5636169518733,82.9449637573502
85,Venusaur,71.6194,52.23100000000001,49.9912,34.8,53.770982215325056,77.9512987012987,33.1241,31.793,17.574,9.116,11.713,44.157000000000004,73.02000000000001,89.9406,68.47435,72.39439999999999,31.314700000000002,26.7342,29.924796610724826,9.39,74.68461406509039,54.34570729554049,74.24315395719762,69.99484176761607,75.73762657362906,84.81452353756737,62.5649,76.72196352753278,89.43047814044381,44.257999999999996,34.308,25.918799999999997,30.272,33.423,64.4091796875,59.663271080928126,26.426500000000004,69.32917418684202,83.33289584854239
86,LLM2Vec-Llama-2-7b-chat-hf-mntp-unsup-simcse,76.91044776119402,,,47.093,55.564312661366564,84.64935064935064,,48.453,30.427,,24.624,,75.6784,94.3296853625171,73.83994620040349,79.17283120376597,,,30.860539801824743,10.001,71.76588896280093,65.3943089429597,79.26435573752327,72.98102120833857,82.72040157931015,86.69902762920725,,78.32422438643496,87.57401607596607,,,,60.672000000000004,,71.8126,57.167515563101304,,65.13897428351787,80.94267715916922
87,LLM2Vec-Meta-Llama-3-8B-Instruct-mntp-unsup-simcse,75.70149253731343,,,51.731,57.15639347603191,84.76623376623375,,49.789,32.366,,28.563,,75.1904,94.46876424988601,75.01344989912575,79.15601882985877,,,30.099340785595842,10.388,72.15850185456762,61.59518395985063,79.71131323749228,72.10974664733891,82.17899407125657,85.44343473477939,,77.44151296326804,88.1421623503371,,,,63.343,,71.8488,57.61460101867573,,66.60137415520323,79.29963896460292
88,German_Semantic_STS_V2,66.4254,51.6332,49.7461,28.395,54.2644,77.1234,29.7661,27.994000000000003,16.208,9.623,7.6240000000000006,20.671999999999997,67.22399999999999,83.02465,64.32535,68.46775000000001,29.7785,28.1392,30.0574,6.332,74.191,72.03399999999999,85.03150000000001,81.2143,86.3155,83.3857,60.218199999999996,82.56400000000001,84.5699,48.3474,32.3905,30.884099999999997,28.34,15.754999999999999,58.291000000000004,55.9593,31.915399999999998,60.905100000000004,81.50840000000001
89,potion-base-4M,66.65675,53.420100000000005,49.7568,39.449,53.803562861722696,69.69480519480518,31.5656,35.807,17.681,16.775000000000002,14.184,35.711999999999996,70.78880000000001,85.69595000000001,60.788799999999995,67.02974999999999,31.8408,28.189700000000002,29.025211119858856,10.975999999999999,63.98613448451591,62.37621006422606,76.81750749576634,70.98200491385815,78.66432028882325,84.49159199501017,63.357699999999994,74.28444387078392,89.87404753184795,50.914,37.3873,23.8178,43.236000000000004,40.013,67.724609375,54.20486700622524,32.6877,55.411799272092175,80.81688006755317
90,LaBSE,74.08208955223881,53.44270249920056,49.98606448922311,34.178,52.74554205247115,69.85064935064935,32.42786213317429,29.622999999999998,21.336,6.142,6.999,26.096000000000004,62.041999999999994,85.83116199499933,61.61479832924863,66.29462225663903,33.751448738791176,29.270161224488213,29.806630577685482,5.632000000000001,69.99188482038213,65.08166563535988,67.97543550218779,64.03144384844788,76.59341752268844,79.4489242794021,61.62746263388221,72.25055941558153,89.26375293062657,30.233366371330895,35.30287908721971,33.272319069377396,16.339000000000002,16.569,63.23730468749999,58.82569326542162,24.19320748154697,62.77629953322184,84.58219134995363
91,M2V_base_glove,65.56715,53.4444,45.6268,33.774,52.88598975544666,72.38961038961038,34.664699999999996,33.79,16.589000000000002,17.515,11.824,35.742000000000004,66.998,84.02715,61.45069999999999,65.62125,32.0937,27.6254,28.832500600750205,11.145,64.66033328975722,64.63642414925371,77.9790218678965,70.08415685571369,78.77945492051583,82.82381067886578,59.2087,68.90568918705054,87.93890477556427,42.0781,34.3712,29.969099999999997,50.293,38.803,67.6025390625,50.019807583474815,26.4028,58.60727455967692,79.47942287203573
92,LaBSE-en-ru,74.32835,51.546400000000006,50.8431,31.91,53.018600000000006,69.6006,31.611099999999997,28.721999999999998,20.427,5.042,6.804,23.962,62.8684,85.2965,60.788867512539404,65.27377292825739,32.685199999999995,27.8925,29.2215,4.96,69.1298,65.15570000000001,67.6614,63.3248,76.2084,79.4837,59.4673,71.9106,88.5328,42.182199999999995,34.6507,32.8761,14.896,15.981000000000002,60.2588,57.753299999999996,22.2022,60.6127,84.0376
93,M2V_base_glove_subword,67.15675000000002,53.0247,45.736900000000006,29.599999999999998,52.85912447389551,71.38636363636363,33.6621,34.837,17.415,15.473999999999998,11.167,34.117,66.5616,84.72985,62.94539999999999,65.75915,30.602899999999998,27.003,28.527234738258063,9.923,66.17240782538595,61.89139464648924,71.66792475528088,67.82634222687376,75.48765072240437,80.2472005970173,59.0427,66.52235871936412,85.09945680365945,42.1657,34.3905,28.619899999999998,39.983999999999995,32.073,65.6884765625,49.83305036785513,27.6401,60.22081236487149,78.79896751132692
94,potion-base-2M,63.29104999999999,51.5629,49.7898,32.622,52.90637925416103,65.17207792207793,28.091500000000003,29.583,14.642,11.008,10.219000000000001,27.577,70.35639999999998,79.05694999999999,54.02225000000001,59.27439999999999,29.9898,26.8073,28.017817065141404,8.163,62.85583348143348,62.07913034464432,75.73113726697468,69.27997439795548,76.32976845993336,82.08042618874391,62.6471,72.80800903257308,88.17695295243927,49.1211,37.2847,23.8035,40.475,32.158,66.591796875,52.524052065648,27.598499999999998,53.66111257744601,79.33675212612457
95,USER-base,67.1716,49.7383,48.083,39.926,50.3058,65.50319999999999,22.4626,33.009,18.321,10.668999999999999,8.469,32.198,58.5576,81.3381,51.89655,60.16715,28.558699999999998,24.898600000000002,27.9976,6.36,68.3356,66.3084,68.7676,67.1359,79.8783,81.88119999999999,61.6382,76.0258,83.2529,43.8431,33.4837,31.8365,20.166,28.609,62.4023,55.348,22.0216,61.724500000000006,81.6121
96,M2V_base_output,70.0448,51.5478,44.1535,29.183999999999997,51.62795895312553,71.90909090909092,28.961399999999998,34.102,17.887,14.209,10.489999999999998,31.361,65.11479999999999,84.85674999999999,63.03680000000001,66.3249,28.662,24.3909,26.982693878333546,9.668000000000001,65.43442849067297,59.97334423570035,71.81863685179427,66.99860396187162,75.4907813361932,80.61049377743727,57.82000000000001,67.2453123773366,85.05626292429993,39.2502,33.0812,26.6129,47.015,32.738,63.04199218749999,49.442558007923026,21.638099999999998,59.78262740579837,79.86337146522463
97,gemma-2b-embeddings,66.95525,62.902100000000004,57.2064,21.346999999999998,44.6082,58.425324675324674,37.7624,5.346,4.804,4.0840000000000005,1.7840000000000003,5.493,65.47319999999999,73.97255,52.74015000000001,54.80704999999999,34.6075,30.365,30.079099999999997,1.897,41.3266,42.236000000000004,41.100300000000004,36.0263,48.3298,43.7687,59.250400000000006,33.3212,49.9197,54.022099999999995,41.1372,6.794899999999999,13.111999999999998,12.584000000000001,63.1787,49.8387,21.3316,41.579899999999995,69.3589
98,rubert-tiny-turbo,70.32835,50.017500000000005,47.6816,32.031,49.4778,59.86363636363635,21.853,29.03,16.884,7.376,7.179,36.082,58.35799999999999,78.16035,50.42423995334546,61.053858807814976,26.1544,23.2987,29.136699999999998,4.072,68.4327,66.1687,60.3443,66.1225,77.4073,76.0153,47.062,68.9725,91.9439,41.5677,34.264,31.328899999999997,17.53,14.201,57.7734375,55.29994340690435,20.602899999999998,56.8693,79.673
99,LLM2Vec-Sheared-LLaMA-mntp-unsup-simcse,72.92537313432835,,,43.644,52.696972763822615,78.99675324675324,,33.726,15.629000000000001,,16.986,,71.9232,91.24259005927954,69.99327505043712,75.1546738399462,,,29.520993847103533,5.531,69.34396953516386,60.094374065360746,72.51503781013379,66.6954698644186,77.69462578028768,81.67242768943406,,73.36074244064153,77.36426466374054,,,,56.041,,68.405,56.080928126768534,,61.5394989621502,77.72774861009667
100,inf-retriever-v1,,,,84.855,,,,64.85300000000001,45.698,41.596,62.35000000000001,82.272,,,,,,,,30.775999999999996,,,,,,,,,,,,,75.09700000000001,,,,,,
101,rubert-tiny,68.0821,51.402300000000004,49.1871,24.163999999999998,47.4656,61.026,23.150499999999997,7.795000000000001,5.236,2.7359999999999998,1.923,4.824,60.520799999999994,80.7871,54.0937,58.65585,27.452700000000004,23.8342,25.9849,0.8630000000000001,60.3934,49.6569,63.3996,54.883,67.318,67.6558,52.6317,55.8644,53.272600000000004,46.4793,34.185300000000005,29.5885,9.474,4.747,59.95120000000001,50.6508,17.759900000000002,54.50899999999999,71.97059999999999
102,Arabic-mpnet-base-all-nli-triplet,66.79105,50.11409999999999,50.15540000000001,18.862000000000002,47.929300000000005,63.8929,18.9942,8.757,6.173,3.3369999999999997,1.4569999999999999,10.816,56.6356,72.06330000000001,49.12515,52.6105,25.6811,22.755,25.1657,2.007,68.9386835022992,68.71669873972587,56.04247097489131,58.80575077741524,73.74453589715445,78.3826,57.2885,67.56341643518167,83.6486,38.8088,33.8345,29.600900000000003,13.531,2.82,59.0869,45.5207,12.557199999999998,49.1305,77.5046
103,rubert-tiny2,66.11195,50.8803,48.3824,27.656999999999996,48.1064,50.9675,24.6129,13.979,8.068999999999999,3.4979999999999998,2.421,15.321000000000002,60.714400000000005,76.25115,44.6675,54.953149999999994,26.866,23.4544,26.735599999999998,1.185,61.065599999999996,65.1195,59.965900000000005,60.2823,74.37660000000001,73.6622,49.2501,63.0216,71.1581,43.2543,33.3389,23.4926,8.672,4.9959999999999996,57.4365,50.3679,17.4795,55.491800000000005,77.9789
104,Marbert-all-nli-triplet-Matryoshka,69.27615,48.551,46.237899999999996,13.420000000000002,48.267900000000004,62.360400000000006,12.2309,10.796,6.186,0.28800000000000003,0.9259999999999999,5.651,61.51839999999999,74.47170000000001,53.9084,57.71815,21.6372,20.9103,26.635399999999997,1.13,65.80163441928238,63.00297824477175,52.23198766098021,59.2261024017655,70.01912156519296,70.9196,54.638799999999996,61.16768766134144,67.7478,39.5394,31.246299999999998,28.2139,5.276,2.2689999999999997,54.8926,56.539300000000004,16.084300000000002,57.8596,78.233
105,MicroLlama-text-embedding,74.23880597014926,56.81659433257183,49.94804999366301,35.442,52.27435199495557,72.31818181818183,32.876466058527356,35.282000000000004,20.605,13.782,13.613,28.296,63.6532,82.45326037391703,58.05648957632818,62.09482178883658,34.17461183286095,29.48057125585178,,,,,,,,,,,,,,,,,,,,,
106,silma-embeddding-matryoshka-v0.1,67.17165,48.4272,47.126200000000004,22.512,48.347899999999996,59.7597,17.5322,16.744,8.688,1.362,1.796,10.424999999999999,58.49720000000001,66.4901,47.53465,52.9887,24.756700000000002,22.6619,26.8652,1.569,63.7455,55.162800000000004,51.885400000000004,52.9933,67.84700000000001,74.42197838273297,59.03774516602592,61.8289,73.41720000000001,41.8662,32.5758,24.4468,5.195,4.1129999999999995,57.226600000000005,46.083800000000004,17.0792,53.3914,80.1466
107,Arabert-all-nli-triplet-Matryoshka,63.5597,48.3142,47.1701,15.921,48.2166,61.236999999999995,15.0496,12.015,7.542999999999999,0.625,2.2720000000000002,7.992000000000001,54.17960000000001,63.07855,44.08535,49.2755,23.1878,21.9505,27.7628,1.7309999999999999,57.64441663261227,69.67060431422327,51.95037157769884,57.36607721958864,70.0994395240558,70.7416,55.9744,61.592426810014366,78.0327,41.4071,32.872099999999996,28.1188,7.265000000000001,1.973,52.280300000000004,41.7997,13.293199999999999,48.5726,74.7241
108,distilrubert-small-cased-conversational,70.95519999999999,48.8063,49.0006,15.131,45.475100000000005,64.2825,16.6814,12.715000000000002,5.536,0.781,1.6650000000000003,9.286,54.5488,70.96445,52.155649999999994,54.8612,24.0616,21.7023,24.951,0.483,56.7039,40.8283,52.222199999999994,46.7599,60.6444,60.301300000000005,44.2677,55.9747,33.1971,40.408500000000004,30.917699999999996,30.3964,15.182,6.665,58.886700000000005,43.438,13.2905,50.3785,63.7764
109,sbert_large_mt_nlu_ru,60.8881,46.6827,48.2583,15.623000000000001,46.5527,39.123400000000004,14.4841,4.135,2.828,0.529,0.518,3.6740000000000004,56.133599999999994,72.1357,37.922650000000004,48.77635,23.7572,22.1801,26.7196,0.372,65.9096,48.13,48.0436,46.603899999999996,65.337,68.57520000000001,51.464600000000004,58.8135,32.9189,43.143,31.5848,19.4354,7.164,2.548,56.20119999999999,47.3656,15.313199999999998,53.205400000000004,74.7902
110,rubert-base-cased-sentence,59.19405,49.744899999999994,50.441,9.386999999999999,45.6858,48.9838,18.9806,4.827,3.032,0.861,0.191,4.686,57.732000000000006,59.92485,36.92615,39.95755,23.5856,22.5868,26.154300000000003,1.179,56.984100000000005,59.0229,46.990300000000005,50.879,64.5847,67.1251,52.2191,55.789100000000005,48.254599999999996,41.7072,33.162000000000006,19.8912,7.796,0.527,53.2764,43.271100000000004,17.2273,44.6385,70.15
111,sbert_large_nlu_ru,61.54475,47.1767,46.4005,17.294,43.6512,34.785700000000006,15.447099999999999,3.411,2.046,0.35100000000000003,0.331,2.419,55.9652,68.63695,36.639900000000004,48.6144,24.988599999999998,21.0427,26.864900000000002,0.23500000000000001,58.8573,31.4807,37.108200000000004,36.649,58.2549,62.4962,57.743,46.7987,15.3427,42.5522,31.3367,20.9005,3.914,1.0710000000000002,57.76369999999999,47.2128,14.9672,51.3982,73.9826
112,rubert-base-cased,64.70145000000001,50.0572,49.8966,13.020999999999999,46.463,51.539,18.4333,1.086,1.075,0.42700000000000005,0.16199999999999998,1.464,54.602799999999995,62.779450000000004,40.621050000000004,44.026650000000004,24.4953,22.9253,28.0559,0.346,44.2201,27.752900000000004,39.8322,34.892,43.051899999999996,56.2898,38.329,39.8376,21.8011,41.3124,29.8012,23.0225,4.0489999999999995,0.068,55.356399999999994,40.7866,14.3706,42.3065,55.51859999999999
113,deberta-v1-base,64.47765,49.234899999999996,47.443999999999996,12.391,43.9242,54.055200000000006,15.0437,1.466,1.078,0.087,0.319,0.898,52.6164,66.03435,45.0439,45.129850000000005,23.8979,21.3612,27.660200000000003,0.183,49.9409,44.7604,46.6508,38.153,54.8474,60.312200000000004,44.81,41.3236,35.5062,40.7468,29.234900000000003,23.753,3.556,0.72,56.6113,44.6237,13.456299999999999,45.7295,64.8262
114,MiniCPM-Embedding,,,,64.65,,,,,,,56.64,,,,,,,,,22.38,,,,,,,,,,,,,81.32,,,,,,
115,e5-R-mistral-7b,,,,58.994,,,,,,,58.68,,,,,,,,,19.259999999999998,,,,,,,,,,,,,84.399,,,,,,
116,ternary-weight-embedding,64.55969999999999,47.562599999999996,45.7884,4.832,45.8168,49.4286,10.268099999999999,2.008,1.864,0.053,0.312,1.165,51.2528,60.18900000000001,,,22.1333,19.4117,25.5838,0.257,52.4853,46.5666,58.2034,51.6049,57.0453,64.13250000000001,33.808,52.1587,41.6507,37.5317,30.738,20.593600000000002,6.304,0.643,53.256800000000005,39.7538,9.1819,51.2814,68.4552
